1029976718.jpg,Bart Simpson,indoor
1034087781.jpg,Maggie Simpson,outdoor
1066732872.jpg,Bart Simpson,indoor
1071590446.jpg,Homer Simpson,indoor
1097155513.jpg,Homer Simpson,indoor
1108537905.jpg,Homer Simpson,indoor
1115740780.jpg,Marge Simpson,outdoor
1118204546.jpg,Homer Simpson,indoor
1141257497.jpg,Homer Simpson,indoor
1145030478.jpg,Marge Simpson,indoor
1161688502.jpg,Bart Simpson,outdoor
1169857497.jpg,Bart Simpson,indoor
1180237186.jpg,Bart Simpson,indoor
1187997140.jpg,Lisa Simpson,outdoor
1190271203.jpg,Marge Simpson,indoor
1199987419.jpg,Lisa Simpson,indoor
1216318529.jpg,Homer Simpson,indoor
1265360883.jpg,Lisa Simpson,indoor
1271195908.jpg,Lisa Simpson,outdoor
1312499172.jpg,Bart Simpson,indoor
131917959.jpg,Maggie Simpson,indoor
1334148907.jpg,Maggie Simpson,outdoor
1341613141.jpg,Maggie Simpson,indoor
1352811028.jpg,Bart Simpson,indoor
1382904744.jpg,Homer Simpson,outdoor
1422184934.jpg,Abe Simpson,indoor
1440848573.jpg,Homer Simpson,outdoor
1448487413.jpg,Maggie Simpson,indoor
1481923285.jpg,Bart Simpson,outdoor
1485906123.jpg,Bart Simpson,indoor
1499424456.jpg,Abe Simpson,indoor
15085001.jpg,Bart Simpson,indoor
1554718010.jpg,Marge Simpson,indoor
1578624566.jpg,Maggie Simpson,outdoor
158267827.jpg,Marge Simpson,outdoor
159394537.jpg,Bart Simpson,indoor
1610316251.jpg,Marge Simpson,outdoor
1630877934.jpg,Abe Simpson,outdoor
1682314681.jpg,Bart Simpson,indoor
1690494306.jpg,Homer Simpson,indoor
1722891628.jpg,Maggie Simpson,outdoor
1739004017.jpg,Maggie Simpson,indoor
1801830302.jpg,Abe Simpson,indoor
1803063124.jpg,Lisa Simpson,outdoor
1804908842.jpg,Lisa Simpson,outdoor
1809325152.jpg,Bart Simpson,indoor
1819364688.jpg,Lisa Simpson,outdoor
1840216249.jpg,Abe Simpson,indoor
1842329492.jpg,Maggie Simpson,outdoor
1843208582.jpg,Lisa Simpson,indoor
1857200443.jpg,Marge Simpson,indoor
1868948918.jpg,Maggie Simpson,indoor
1886734578.jpg,Marge Simpson,outdoor
18944583.jpg,Marge Simpson,indoor
189484376.jpg,Homer Simpson,indoor
1923480117.jpg,Homer Simpson,indoor
1924267249.jpg,Maggie Simpson,indoor
1925196208.jpg,Bart Simpson,indoor
1974882388.jpg,Abe Simpson,indoor
2006343060.jpg,Lisa Simpson,indoor
201266944.jpg,Lisa Simpson,indoor
2042720248.jpg,Lisa Simpson,outdoor
2062913799.jpg,Maggie Simpson,indoor
2068900279.jpg,Homer Simpson,indoor
2078546776.jpg,Maggie Simpson,indoor
2091970234.jpg,Bart Simpson,indoor
2127244717.jpg,Maggie Simpson,indoor
2135726983.jpg,Marge Simpson,indoor
216300157.jpg,Abe Simpson,indoor
238327747.jpg,Bart Simpson,indoor
240129789.jpg,Lisa Simpson,indoor
254518035.jpg,Homer Simpson,indoor
277265539.jpg,Maggie Simpson,indoor
288727984.jpg,Abe Simpson,outdoor
299862028.jpg,Homer Simpson,indoor
331777225.jpg,Maggie Simpson,indoor
356080529.jpg,Abe Simpson,indoor
358658681.jpg,Homer Simpson,indoor
376023382.jpg,Abe Simpson,indoor
385387551.jpg,Lisa Simpson,indoor
396008800.jpg,Marge Simpson,indoor
405141751.jpg,Homer Simpson,outdoor
426819268.jpg,Bart Simpson,indoor
446091407.jpg,Lisa Simpson,outdoor
448607667.jpg,Marge Simpson,indoor
496246104.jpg,Abe Simpson,indoor
505929323.jpg,Abe Simpson,indoor
507502286.jpg,Maggie Simpson,outdoor
507671618.jpg,Homer Simpson,indoor
508187504.jpg,Marge Simpson,outdoor
524238761.jpg,Maggie Simpson,indoor
531007772.jpg,Abe Simpson,indoor
542068308.jpg,Marge Simpson,indoor
56996480.jpg,Lisa Simpson,outdoor
571905236.jpg,Homer Simpson,indoor
584010951.jpg,Bart Simpson,indoor
585027007.jpg,Lisa Simpson,outdoor
589085139.jpg,Homer Simpson,indoor
595880627.jpg,Homer Simpson,outdoor
597423984.jpg,Marge Simpson,indoor
644985665.jpg,Abe Simpson,indoor
658060393.jpg,Marge Simpson,indoor
686654148.jpg,Bart Simpson,indoor
703909699.jpg,Bart Simpson,indoor
720441698.jpg,Abe Simpson,indoor
75526066.jpg,Abe Simpson,indoor
758185989.jpg,Lisa Simpson,indoor
821938151.jpg,Marge Simpson,outdoor
880317285.jpg,Abe Simpson,indoor
915544456.jpg,Lisa Simpson,indoor
920371356.jpg,Bart Simpson,indoor
921321102.jpg,Marge Simpson,indoor
926005979.jpg,Abe Simpson,outdoor
945619003.jpg,Abe Simpson,indoor
953162467.jpg,Marge Simpson,indoor
965295652.jpg,Lisa Simpson,indoor
970440569.jpg,Maggie Simpson,indoor
99024880.jpg,Bart Simpson,outdoor
997593163.jpg,Abe Simpson,indoor
998606448.jpg,Marge Simpson,indoor
